{"3": 2494964.7621986205, "4": 2401652.8983456483, "5": 2346539.8684192207, "7": 2263276.4085475225, "10": 2182350.6918788916, "20": 2042366.36598164, "30": 1971216.9379367556, "50": 1876217.4350796205, "3": 2494964.7621986205, "4": 2401652.8983456483, "5": 2346539.8684192207, "7": 2263276.4085475225, "10": 2182350.6918788916}