{"3": 2936447.4198044953, "4": 2861861.0158666307, "5": 2796954.3758465857, "7": 2695914.4464495024, "10": 2608939.595980134, "20": 2453208.42809025, "30": 2361754.5073993914, "50": 2244606.685495593, "3": 2936447.4198044953, "4": 2861861.0158666307, "5": 2796954.3758465857, "7": 2695914.4464495024, "10": 2608939.595980134}